bw,loss,delay_c2_ms,udp_off_mean,iter,md5_hash_1,md5_hash_2,ttc1,ttc2,size1_bytes,size2_bytes,thr1_mbps,thr2_mbps,link_util,jfi 
100,0.0,5,None,0,67d9ea16a7ca6be5ba14a8def4dd8473,67d9ea16a7ca6be5ba14a8def4dd8473,8.040529,8.483169,32317690,32317690,32.154791,30.476996,0.626318,0.999283
100,0.5,5,None,0,67d9ea16a7ca6be5ba14a8def4dd8473,67d9ea16a7ca6be5ba14a8def4dd8473,15.997000,15.649843,32317690,32317690,16.161875,16.520391,0.326823,0.999880
100,1.0,5,None,0,67d9ea16a7ca6be5ba14a8def4dd8473,67d9ea16a7ca6be5ba14a8def4dd8473,25.855850,31.972852,32317690,32317690,9.999343,8.086283,0.180856,0.988935
100,1.5,5,None,0,67d9ea16a7ca6be5ba14a8def4dd8473,67d9ea16a7ca6be5ba14a8def4dd8473,38.576684,35.197378,32317690,32317690,6.702015,7.345477,0.140475,0.997906
100,2.0,5,None,0,67d9ea16a7ca6be5ba14a8def4dd8473,67d9ea16a7ca6be5ba14a8def4dd8473,49.755087,48.689871,32317690,32317690,5.196283,5.309965,0.105062,0.999883
