bw,loss,delay_c2_ms,udp_off_mean,iter,md5_hash_1,md5_hash_2,ttc1,ttc2,size1_bytes,size2_bytes,thr1_mbps,thr2_mbps,link_util,jfi 
100,0.5,5,None,0,67d9ea16a7ca6be5ba14a8def4dd8473,67d9ea16a7ca6be5ba14a8def4dd8473,42.013687,38.721873,32317690,32317690,6.153745,6.676886,0.128306,0.998340
100,1.0,5,None,0,67d9ea16a7ca6be5ba14a8def4dd8473,67d9ea16a7ca6be5ba14a8def4dd8473,47.469071,47.979563,32317690,32317690,5.446526,5.388576,0.108351,0.999971
100,1.5,5,None,0,67d9ea16a7ca6be5ba14a8def4dd8473,67d9ea16a7ca6be5ba14a8def4dd8473,55.332591,59.085670,32317690,32317690,4.672500,4.375706,0.090482,0.998925
100,2.0,5,None,0,67d9ea16a7ca6be5ba14a8def4dd8473,67d9ea16a7ca6be5ba14a8def4dd8473,75.743927,73.750653,32317690,32317690,3.413363,3.505617,0.069190,0.999822
