bw,loss,delay_c2_ms,udp_off_mean,iter,md5_hash_1,md5_hash_2,ttc1,ttc2,size1_bytes,size2_bytes,thr1_mbps,thr2_mbps,link_util,jfi 
100,0,5,1.5,0,67d9ea16a7ca6be5ba14a8def4dd8473,67d9ea16a7ca6be5ba14a8def4dd8473,27.924608,10.921509,32317690,32317690,9.258555,23.672693,0.329312,0.839219
100,0,5,0.8,0,67d9ea16a7ca6be5ba14a8def4dd8473,67d9ea16a7ca6be5ba14a8def4dd8473,49.832052,53.118359,32317690,32317690,5.188258,4.867272,0.100555,0.998982
100,0,5,0.5,0,67d9ea16a7ca6be5ba14a8def4dd8473,67d9ea16a7ca6be5ba14a8def4dd8473,105.536076,105.432224,32317690,32317690,2.449793,2.452206,0.049020,1.000000
