bw,loss,delay_c2_ms,udp_off_mean,iter,md5_hash_1,md5_hash_2,ttc1,ttc2,size1_bytes,size2_bytes,thr1_mbps,thr2_mbps,link_util,jfi 
100,0,5,None,0,67d9ea16a7ca6be5ba14a8def4dd8473,67d9ea16a7ca6be5ba14a8def4dd8473,6.596371,7.815255,32317690,32317690,39.194509,33.081649,0.722762,0.992898
100,0,10,None,0,67d9ea16a7ca6be5ba14a8def4dd8473,67d9ea16a7ca6be5ba14a8def4dd8473,8.511101,8.436603,32317690,32317690,30.376978,30.645216,0.610222,0.999981
100,0,15,None,0,67d9ea16a7ca6be5ba14a8def4dd8473,67d9ea16a7ca6be5ba14a8def4dd8473,5.745953,8.537441,32317690,32317690,44.995415,30.283256,0.752787,0.963210
100,0,20,None,0,67d9ea16a7ca6be5ba14a8def4dd8473,67d9ea16a7ca6be5ba14a8def4dd8473,6.576945,11.806782,32317690,32317690,39.310278,21.897713,0.612080,0.925129
100,0,25,None,0,67d9ea16a7ca6be5ba14a8def4dd8473,67d9ea16a7ca6be5ba14a8def4dd8473,6.799822,14.931467,32317690,32317690,38.021809,17.315212,0.553370,0.877179
