bw,loss,delay_c2_ms,udp_off_mean,iter,md5_hash_1,md5_hash_2,ttc1,ttc2,size1_bytes,size2_bytes,thr1_mbps,thr2_mbps,link_util,jfi 
100,0,5,None,0,67d9ea16a7ca6be5ba14a8def4dd8473,67d9ea16a7ca6be5ba14a8def4dd8473,7.407592,6.862105,32317690,32317690,34.902236,37.676705,0.725789,0.998541
100,0,10,None,0,67d9ea16a7ca6be5ba14a8def4dd8473,67d9ea16a7ca6be5ba14a8def4dd8473,8.484631,9.733985,32317690,32317690,30.471747,26.560706,0.570325,0.995319
100,0,15,None,0,67d9ea16a7ca6be5ba14a8def4dd8473,67d9ea16a7ca6be5ba14a8def4dd8473,6.429077,10.332872,32317690,32317690,40.214408,25.021263,0.652357,0.948550
100,0,20,None,0,67d9ea16a7ca6be5ba14a8def4dd8473,67d9ea16a7ca6be5ba14a8def4dd8473,6.909329,10.357252,32317690,32317690,37.419193,24.962366,0.623816,0.961654
100,0,25,None,0,67d9ea16a7ca6be5ba14a8def4dd8473,67d9ea16a7ca6be5ba14a8def4dd8473,6.729113,13.819514,32317690,32317690,38.421337,18.708438,0.571298,0.893605
