bw,loss,delay_c2_ms,udp_off_mean,iter,md5_hash_1,md5_hash_2,ttc1,ttc2,size1_bytes,size2_bytes,thr1_mbps,thr2_mbps,link_util,jfi 
100,0.0,5,None,0,67d9ea16a7ca6be5ba14a8def4dd8473,67d9ea16a7ca6be5ba14a8def4dd8473,7.765893,8.014636,32317690,32317690,33.291924,32.258675,0.655506,0.999752
100,0.5,5,None,0,67d9ea16a7ca6be5ba14a8def4dd8473,67d9ea16a7ca6be5ba14a8def4dd8473,62.720986,55.254980,32317690,32317690,4.122090,4.679063,0.088012,0.996011
100,1.0,5,None,0,67d9ea16a7ca6be5ba14a8def4dd8473,67d9ea16a7ca6be5ba14a8def4dd8473,81.282920,84.019890,32317690,32317690,3.180761,3.077147,0.062579,0.999726
100,1.5,5,None,0,67d9ea16a7ca6be5ba14a8def4dd8473,67d9ea16a7ca6be5ba14a8def4dd8473,108.949777,112.576567,32317690,32317690,2.373034,2.296584,0.046696,0.999732
100,2.0,5,None,0,67d9ea16a7ca6be5ba14a8def4dd8473,67d9ea16a7ca6be5ba14a8def4dd8473,130.641047,127.139305,32317690,32317690,1.979022,2.033529,0.040126,0.999816
