iteration,loss,delay,jitter,md5_hash,ttc
0,1,20,20,cc83be85db391e9396e1427b3e124968,51.026777505874634
0,1,20,40,cc83be85db391e9396e1427b3e124968,63.658836126327515
0,1,20,60,cc83be85db391e9396e1427b3e124968,73.79900813102722
0,1,20,80,cc83be85db391e9396e1427b3e124968,87.20954251289368
0,1,20,100,cc83be85db391e9396e1427b3e124968,100.01914620399475
