iteration,loss,delay,jitter,md5_hash,ttc
0,1,20,0,cc83be85db391e9396e1427b3e124968,47.60633659362793
0,2,20,0,cc83be85db391e9396e1427b3e124968,51.144195795059204
0,3,20,0,cc83be85db391e9396e1427b3e124968,56.558178424835205
0,4,20,0,cc83be85db391e9396e1427b3e124968,56.20594668388367
0,5,20,0,cc83be85db391e9396e1427b3e124968,61.866777181625366
