iteration,loss,delay,jitter,md5_hash,ttc
0,1,20,0,cc83be85db391e9396e1427b3e124968,15.488000392913818
0,2,20,0,cc83be85db391e9396e1427b3e124968,15.867882490158081
0,3,20,0,cc83be85db391e9396e1427b3e124968,16.04458999633789
0,4,20,0,cc83be85db391e9396e1427b3e124968,16.155315160751343
0,5,20,0,cc83be85db391e9396e1427b3e124968,16.42680859565735
